Make,Model,Model Year,Mileage,ADAS/ADS System Version,ADAS/ADS Hardware Version,ADAS/ADS Software Version,Roadway Type,Roadway Surface,Roadway Description,Lighting,weather,Highest Injury Severity Alleged
0,0,0,6527,0,0,0,0,0,0,0,0,3
1,1,1,83212,1,1,1,0,0,0,1,0,1
1,1,0,2573,1,1,1,1,0,0,1,0,1
1,1,1,137012,1,1,1,1,0,0,0,0,1
1,1,0,22225,1,1,1,1,0,0,1,0,1
1,1,1,104293,1,1,1,1,0,0,1,0,1
1,1,0,23613,1,1,1,1,0,0,1,2,1
1,1,0,34092,1,1,1,1,0,0,1,0,1
1,1,0,24657,1,1,1,1,0,0,0,0,1
1,1,0,2841,1,1,1,1,0,0,0,0,1
1,1,1,98868,1,1,1,1,0,0,0,2,1
1,1,1,51747,1,1,1,1,0,0,0,0,1
1,1,0,2154,1,1,1,0,0,0,1,0,1
1,1,0,9736,1,1,1,2,0,0,0,0,1
1,1,0,8966,1,1,1,1,0,0,0,0,1
1,1,0,14832,1,1,1,2,0,0,0,0,1
1,1,0,14358,1,1,1,0,0,0,1,0,1
1,1,1,107895,1,1,1,1,0,0,0,0,1
1,1,1,151685,1,1,1,1,0,0,0,0,1
1,1,1,90797,1,1,1,1,0,0,0,2,1
1,1,0,37010,1,1,1,0,0,0,0,0,1
1,1,0,22183,1,1,1,1,0,0,0,2,1
1,1,0,2972,1,1,1,1,0,0,0,0,1
1,1,1,28632,1,1,1,1,0,0,0,0,1
1,1,1,69410,1,1,1,1,0,0,0,0,1
1,1,0,28037,1,1,1,2,0,0,0,0,1
1,1,0,3738,1,1,1,1,0,0,1,0,1
1,1,1,169580,1,1,1,0,0,0,1,0,1
1,1,1,111454,1,1,1,1,0,0,0,2,1
1,1,0,22069,1,1,1,1,0,0,0,0,1
1,1,1,92528,1,1,1,1,0,0,1,0,1
1,1,0,7815,1,1,1,1,0,0,0,2,1
1,1,0,16788,1,1,1,1,0,0,2,2,1
1,1,0,69,1,1,1,1,0,0,0,0,1
2,2,2,44998,0,2,2,3,1,0,0,4,1
2,2,0,58078,0,2,2,3,0,0,0,2,1
2,2,0,76583,0,2,2,3,0,0,0,0,1
2,2,0,76583,0,2,2,3,0,0,0,0,1
2,2,2,44998,0,2,2,3,1,0,0,4,1
2,2,0,58078,0,2,2,3,0,0,0,2,1
1,1,0,531,1,1,1,1,0,0,1,0,1
0,3,0,6527,0,0,0,0,0,0,0,0,3
1,1,0,6205,1,1,1,1,0,0,0,0,1
1,1,0,14604,1,1,1,1,0,0,0,0,1
1,1,0,6495,1,1,1,0,0,0,0,0,1
1,1,0,18249,1,1,1,1,0,0,0,0,1
1,1,0,2573,1,1,1,1,0,0,1,0,1
1,1,0,1381,1,1,1,1,0,0,1,0,1
0,0,0,6527,0,0,0,0,0,0,0,0,3
0,0,0,,0,0,0,1,0,0,0,0,1
0,3,0,1770,0,0,0,1,0,0,0,0,1
0,3,0,6527,0,0,0,0,0,0,0,0,3
1,1,1,144676,1,1,1,1,0,1,0,2,1
1,1,0,16532,1,1,1,1,0,0,0,0,2
1,1,0,3227,1,1,1,1,0,0,1,0,1
1,1,0,6495,1,1,1,0,0,0,0,0,1
3,4,3,56823,2,3,3,1,0,0,1,0,1
1,1,1,160918,1,1,1,1,0,1,0,0,3
1,1,0,20049,1,1,1,1,0,1,0,2,1
1,1,1,160918,1,1,1,1,0,1,0,0,3
1,1,0,16532,1,1,1,1,0,0,0,0,2
1,1,0,16532,1,1,1,1,0,0,0,0,2
1,1,0,20049,1,1,1,1,0,1,0,2,1
1,1,1,90387,1,1,1,0,0,0,1,2,1
1,1,0,7345,1,1,1,1,0,0,1,0,1
1,1,0,25984,1,1,1,2,0,0,0,0,1
1,1,0,449,1,1,1,1,0,0,0,0,1
1,1,0,4329,1,1,1,1,0,0,0,2,1
1,1,0,9894,1,1,1,1,0,0,0,0,1
1,1,0,19267,1,1,1,1,0,0,1,0,1
1,1,0,18994,1,1,1,1,0,0,0,0,1
1,1,0,26111,1,1,1,2,0,0,0,0,1
1,1,0,1792,1,1,1,1,0,0,0,0,1
1,1,0,11567,1,1,1,1,0,0,0,0,1
1,1,0,11036,1,1,1,1,0,0,0,2,1
1,1,0,9670,1,1,1,1,0,0,1,2,1
1,1,0,8816,1,1,1,1,0,0,0,0,1
1,1,0,8190,1,1,1,1,0,0,0,0,1
1,1,0,11124,1,1,1,0,0,0,0,0,1
1,1,1,86073,1,1,1,0,0,0,0,0,1
1,1,0,9047,1,1,1,1,0,0,0,0,1
1,1,0,18992,1,1,1,1,0,0,0,0,1
3,4,4,27052,3,4,4,1,0,0,0,2,1
1,1,1,135319,1,1,1,2,0,0,0,0,1
1,1,1,91896,1,1,1,2,0,0,1,0,2
3,4,4,16733,4,5,5,1,0,0,0,0,1
3,4,4,68476,5,6,6,1,0,0,0,0,1
1,1,1,78170,1,1,1,2,0,0,1,0,1
1,1,1,138814,1,1,1,2,0,0,0,0,1
1,1,1,139899,1,1,1,1,0,0,0,0,1
1,1,1,160918,1,1,1,1,0,1,0,0,3
1,1,1,160918,1,1,1,1,0,1,0,0,3
1,1,1,88108,1,1,1,0,0,0,0,2,1
1,1,0,26823,1,1,1,2,0,0,0,0,1
3,5,5,11837,6,7,7,1,0,0,0,0,1
3,6,5,10326,6,7,7,1,0,0,0,0,1
1,1,1,85516,1,1,1,0,0,0,0,0,1
1,1,1,104307,1,1,1,0,0,0,0,2,1
1,1,0,431,1,1,1,1,0,0,3,0,1
3,4,4,31992,7,8,8,1,0,0,0,0,2
1,1,0,5287,1,1,1,0,0,0,0,0,1
1,1,1,94884,1,1,1,0,0,0,0,0,1
1,1,1,119981,1,1,1,2,0,0,0,0,1
1,1,1,119981,1,1,1,2,0,0,0,0,1
3,5,5,15976,6,7,7,1,0,0,0,0,1
1,1,1,73354,1,1,1,0,0,0,1,2,1
3,4,4,31992,7,8,8,1,0,0,0,0,2
1,1,0,5287,1,1,1,0,0,0,0,0,1
1,1,1,134631,1,1,1,1,0,0,1,0,2
1,1,1,94884,1,1,1,0,0,0,0,0,1
1,1,1,152712,1,1,1,0,0,0,1,0,1
1,1,0,164,1,1,1,3,0,0,0,2,2
1,1,1,128293,1,1,1,0,0,0,0,2,1
4,7,6,7394,0,0,0,2,0,0,0,0,1
1,1,0,5587,1,1,1,0,0,0,0,0,2
1,1,0,25710,1,1,1,2,0,0,0,0,1
1,1,0,3200,1,1,1,1,0,0,3,0,1
1,1,0,164,1,1,1,3,0,0,0,2,2
1,1,0,15703,1,1,1,0,0,0,0,0,1
1,1,0,6594,1,1,1,1,0,0,0,0,1
5,8,0,,8,2,2,0,0,2,2,6,1
1,1,0,16368,1,1,1,1,0,0,0,0,1
1,1,1,78153,1,1,1,1,0,0,1,0,1
1,1,0,1436,1,1,1,2,0,0,0,0,1
1,1,1,90236,1,1,1,0,0,0,1,0,1
1,1,1,85292,1,1,1,1,0,0,0,2,1
1,1,1,127908,1,1,1,0,0,0,0,2,1
1,1,1,85096,1,1,1,1,0,0,0,0,1
1,1,0,15644,1,1,1,1,0,0,0,0,1
1,1,1,71211,1,1,1,1,0,0,0,0,1
1,1,0,10618,1,1,1,1,0,0,0,2,1
1,1,1,79252,1,1,1,1,0,0,1,0,1
1,1,1,34062,1,1,1,1,0,0,0,0,1
1,1,1,128293,1,1,1,0,0,0,0,2,1
1,1,1,129577,1,1,1,1,0,0,0,0,1
6,9,7,,0,0,0,2,0,0,0,2,1
1,1,0,14415,1,1,1,0,0,0,1,0,1
1,1,1,122972,1,1,1,1,0,0,1,0,1
2,2,0,22595,0,2,2,3,0,0,3,6,1
7,10,4,25430,9,9,7,1,0,0,0,0,1
8,11,2,6808,8,2,2,1,0,0,2,0,3
9,12,6,24248,8,2,2,0,0,0,0,0,1
1,1,1,73354,1,1,1,0,0,0,1,2,1
2,2,0,22595,0,2,2,3,0,0,3,6,1
9,12,6,24248,0,2,2,0,0,0,0,0,1
8,11,2,6808,0,0,0,1,0,0,2,0,3
10,13,2,4247,0,0,0,1,0,0,0,0,1
1,1,0,17265,1,1,1,0,0,0,2,2,1
1,1,0,1283,1,1,1,0,0,0,1,0,1
1,1,1,136899,1,1,1,0,0,0,1,0,1
1,1,0,1283,1,1,1,0,0,0,1,0,1
1,1,1,105914,1,1,1,1,0,0,0,0,1
1,1,0,5004,1,1,1,1,0,0,1,0,1
3,14,5,13728,0,0,0,0,0,0,0,0,1
1,1,1,89544,1,1,1,0,0,0,0,0,1
1,1,0,277,1,1,1,3,0,0,3,0,1
1,1,0,164,1,1,1,3,0,0,0,2,1
1,1,0,12239,1,1,9,0,0,0,0,0,1
1,1,0,13931,1,1,1,0,0,0,1,0,3
1,1,0,748,1,1,1,1,0,0,1,2,1
1,1,1,,1,1,1,1,0,0,0,0,1
1,1,0,2619,1,1,1,1,0,0,1,0,1
1,1,0,3754,1,1,1,0,0,0,1,0,1
1,1,1,125840,1,1,1,2,0,0,0,0,1
1,1,0,5655,1,1,1,0,0,0,1,2,1
1,1,1,142222,1,1,1,1,0,0,0,0,1
1,1,1,81873,1,1,1,0,0,0,0,0,1
1,1,0,8640,1,1,1,2,0,0,0,2,1
1,1,1,71470,1,1,9,2,0,0,1,0,1
1,1,1,93214,1,1,1,2,0,0,0,0,1
1,1,0,6858,1,1,9,1,0,0,1,2,1
1,1,0,164,1,1,1,3,0,0,0,2,1
1,1,0,164,1,1,9,1,0,0,1,2,1
1,1,1,90575,1,1,9,1,0,0,0,2,1
1,1,1,129471,1,1,9,0,0,0,0,0,3
1,1,1,115012,1,1,9,1,0,0,1,0,1
1,1,0,9992,1,1,1,1,0,0,1,0,1
1,1,0,277,1,1,1,3,0,0,3,0,1
1,1,0,10931,1,1,9,2,0,0,0,0,1
1,1,1,2971,1,1,9,1,0,0,1,0,1
1,1,0,2215,1,1,9,1,0,0,0,0,1
7,10,2,20829,10,10,10,1,0,0,0,0,1
10,13,2,3805,0,0,0,2,0,0,0,6,1
2,2,0,54941,0,2,2,3,0,0,0,2,1
2,2,0,34065,0,2,2,3,0,0,1,2,1
3,14,5,13193,0,0,0,0,0,0,0,0,1
2,2,0,54941,0,2,2,3,0,0,0,2,1
2,2,0,34065,0,2,2,3,0,0,1,2,1
11,15,4,63792,0,11,0,1,0,0,0,0,1
1,1,1,88586,1,1,1,2,0,0,0,0,1
1,1,1,88635,1,1,1,0,0,0,0,2,1
1,1,1,72368,1,1,9,2,0,0,0,0,1
3,5,5,11254,6,7,7,1,0,0,0,0,1
8,11,2,6808,8,2,2,1,0,0,2,0,3
8,11,2,6808,0,0,0,1,0,0,2,0,3
1,1,0,748,1,1,1,1,0,0,1,2,1
1,1,0,12239,1,1,9,0,0,0,0,0,1
1,1,1,83878,1,1,1,0,0,0,0,0,1
12,16,2,8136,11,12,11,1,0,0,0,0,1
1,1,0,10820,1,1,1,2,0,0,0,0,1
13,17,2,6412,12,13,12,1,0,3,3,0,3
1,1,1,85104,1,1,1,1,0,0,1,0,2
13,17,2,6412,12,13,12,1,0,3,3,0,3
1,1,0,10820,1,1,1,2,0,0,0,0,1
1,1,0,14933,1,1,1,1,0,0,0,0,1
1,1,1,75016,1,1,1,0,0,0,1,0,1
1,1,1,122747,1,1,1,3,0,0,3,2,4
3,14,5,13160,0,0,0,0,0,0,0,0,1
1,1,0,3344,1,1,9,1,0,0,0,2,2
1,1,1,131785,1,1,9,2,0,0,0,0,1
1,1,0,11224,13,1,9,0,0,0,0,0,1
1,1,1,95182,1,1,9,0,0,0,1,0,2
1,1,1,129471,1,1,9,0,0,0,0,0,1
1,1,1,113072,1,1,9,1,0,0,0,0,1
1,1,1,131785,1,1,9,2,0,0,0,0,1
1,1,1,80954,1,1,9,2,0,0,1,0,1
1,1,0,6169,1,1,9,2,0,0,0,2,1
1,1,0,5980,1,1,9,0,0,0,0,0,1
1,1,1,113072,1,1,9,1,0,0,0,0,1
1,1,0,8087,1,1,9,0,0,0,0,0,1
1,1,1,68796,1,1,9,1,0,0,1,0,1
1,1,1,88123,1,1,9,0,0,0,0,0,1
1,1,1,29249,1,1,9,1,0,0,0,2,2
1,1,1,130737,1,1,9,2,0,0,0,0,1
1,1,0,6164,1,1,9,0,0,0,0,0,1
1,1,1,88123,1,1,9,0,0,0,0,0,1
1,1,0,905,1,1,9,1,0,0,0,0,1
3,5,5,8838,6,7,7,0,0,1,0,0,1
2,2,0,31782,0,2,2,3,0,0,0,2,1
10,13,2,2679,0,0,0,1,1,0,0,4,1
2,18,0,31782,0,2,2,3,0,0,0,2,1
3,4,3,57577,14,14,13,0,0,0,0,0,1
1,1,1,74147,1,1,9,1,0,0,0,0,1
1,1,0,11224,13,1,9,0,0,0,0,0,1
3,4,4,14560,15,15,14,0,0,0,0,0,2
1,1,1,134602,13,1,9,0,0,0,0,0,1
1,1,0,8535,1,1,9,0,0,0,2,0,1
3,4,4,59843,16,16,15,1,0,0,0,0,2
1,1,1,22980,1,1,16,0,0,0,0,0,1
1,1,1,56344,13,1,9,1,0,0,0,0,1
1,1,1,118480,1,1,9,1,0,0,0,0,2
3,4,4,14560,15,15,14,0,0,0,0,0,2
3,4,4,59843,16,16,15,1,0,0,0,0,2
1,1,1,63723,1,1,9,0,0,0,1,0,1
1,1,1,114928,1,1,1,1,0,0,0,2,1
2,2,2,105033,0,2,2,3,0,0,0,0,1
1,1,0,676,1,1,1,0,0,0,0,0,1
1,1,0,549,1,1,1,1,1,0,0,4,1
1,1,1,91787,1,1,1,0,0,0,0,0,1
1,1,0,549,1,1,1,1,1,0,0,4,1
1,1,1,80319,1,1,9,1,0,0,1,0,1
1,1,1,111866,1,1,9,1,0,0,0,0,1
1,1,0,676,1,1,1,0,0,0,0,0,1
1,1,1,38500,1,1,9,0,0,0,0,0,1
1,1,1,25288,1,1,9,1,0,0,0,0,1
1,1,1,101912,1,1,9,1,0,0,1,0,1
1,1,1,1150344,1,1,9,0,0,0,1,0,1
1,1,1,1119636,1,1,9,0,0,0,1,0,1
1,1,0,3714,1,1,9,1,0,0,0,0,1
1,1,0,3382,1,1,9,1,1,0,1,2,1
1,1,1,91787,1,1,1,0,0,0,0,0,1
1,1,0,10257,1,1,9,1,0,4,1,0,1
1,1,1,114335,1,1,9,0,0,0,0,2,2
1,1,1,112982,1,1,9,1,1,0,1,4,1
1,1,0,3222,1,1,9,0,1,0,1,4,1
1,1,0,9139,1,1,9,0,0,0,0,0,1
1,1,1,119359,1,1,9,0,0,0,1,0,1
2,2,2,105033,0,2,2,3,0,0,0,0,1
3,14,5,12581,0,0,0,1,0,0,2,0,1
3,4,3,22173,17,17,17,1,0,0,0,0,1
3,4,4,66817,18,18,18,1,1,0,0,0,2
1,1,0,21238,1,1,9,0,0,0,0,2,1
1,1,1,142185,1,1,9,1,0,0,0,0,1
1,1,1,30030,1,1,9,1,1,0,1,4,1
1,1,1,118140,1,1,9,0,0,0,0,0,2
0,3,0,338,0,0,0,1,0,0,0,0,1
1,1,1,122999,1,1,9,1,0,0,0,0,1
1,1,1,122999,1,1,9,1,0,0,0,0,1
1,1,0,3344,1,1,9,1,0,0,0,2,2
1,1,1,100854,1,1,9,1,1,0,1,2,1
3,5,5,1255,6,7,7,1,2,0,0,1,1
0,0,0,338,0,0,0,1,0,0,0,0,1
10,13,2,2052,0,0,0,0,0,0,0,2,1
1,1,1,892177,1,1,9,1,0,0,0,0,1
1,1,1,104482,1,1,9,1,0,0,0,0,1
1,1,1,114290,1,1,9,1,0,0,1,0,1
1,1,1,125707,1,1,9,1,0,0,1,0,1
1,1,1,100854,1,1,9,1,1,0,1,2,1
1,1,1,103278,1,1,9,0,0,0,1,0,1
1,1,1,122999,1,1,9,1,0,0,0,0,1
1,1,1,61023,1,1,9,1,1,0,1,4,1
2,2,2,108193,0,2,2,3,0,0,2,2,1
3,4,4,52867,19,19,19,1,0,0,0,0,1
3,4,4,35228,20,20,20,0,0,0,0,0,1
3,4,3,,21,21,21,0,0,0,0,0,2
1,1,1,64007,1,1,9,0,0,0,1,0,1
0,3,0,338,0,0,0,1,0,0,0,0,1
1,1,1,118480,1,1,9,1,0,0,0,0,2
1,1,1,102778,1,1,1,3,0,4,1,0,2
1,1,1,102778,1,1,1,3,0,4,1,0,2
1,1,1,80882,13,1,9,0,0,0,0,2,1
1,1,0,1328,1,22,9,0,1,0,0,2,1
1,1,1,80882,13,1,9,0,0,0,0,2,1
1,1,1,86181,13,1,9,0,0,0,0,0,2
1,1,0,1328,1,22,9,0,1,0,0,2,1
1,1,1,90976,13,1,9,0,0,0,1,0,1
1,1,0,1328,1,22,9,0,1,0,0,2,1
1,1,1,75591,13,1,9,0,1,0,1,4,1
1,1,1,63054,13,1,9,0,0,0,1,0,1
1,1,1,114229,13,1,9,0,0,0,2,0,1
1,1,1,85993,13,1,9,0,0,0,0,0,1
1,1,1,56344,13,1,9,1,0,0,0,0,1
1,1,1,94478,13,1,9,0,0,0,0,0,1
1,1,1,90976,13,1,9,0,0,0,1,0,1
2,2,2,108193,0,2,2,3,0,0,2,2,1
7,19,2,13961,22,10,10,1,0,0,0,0,1
10,13,2,1562,0,0,0,0,0,0,0,0,1
3,14,5,4801,0,0,0,0,0,0,0,0,1
3,14,5,7377,0,0,0,0,1,0,0,4,1
3,4,3,80742,23,23,22,0,0,0,0,0,1
3,4,3,90280,24,24,23,1,0,0,0,0,1
3,4,3,90477,25,25,24,0,0,0,1,0,1
1,1,1,86181,13,1,9,0,0,0,0,0,2
1,1,1,74662,13,1,9,1,1,0,0,2,1
1,1,1,107479,13,1,9,2,0,0,0,0,1
1,1,1,75945,13,1,9,1,0,1,0,2,1
1,1,1,112503,13,1,9,2,0,1,0,2,1
0,20,6,,0,0,0,1,0,0,0,0,1
3,14,5,8963,0,0,0,1,0,0,0,0,1
1,21,1,80515,13,1,9,0,1,0,0,2,1
1,1,1,78758,1,1,9,0,0,0,1,0,1
1,1,1,83225,1,1,9,1,0,0,1,0,1
1,1,1,104891,1,1,9,2,0,0,0,0,1
1,1,1,74294,1,1,9,1,1,0,2,2,1
1,1,1,95560,1,1,9,1,0,0,0,0,1
1,1,1,99143,1,1,9,0,0,0,1,0,1
1,1,1,62115,1,1,9,0,0,0,0,2,1
1,1,1,56694,1,1,9,1,0,0,0,2,1
1,1,1,93672,1,1,9,1,0,0,0,0,1
1,1,1,71577,1,1,9,0,0,0,1,0,1
1,1,1,78758,1,1,9,0,0,0,1,0,1
1,1,1,59898,1,1,9,1,0,0,0,2,1
1,1,1,52254,1,1,9,1,1,0,0,4,1
3,22,3,62068,0,0,0,3,0,0,0,0,1
1,21,1,80684,13,1,9,0,1,0,0,2,1
14,23,2,64838,0,0,0,3,1,0,0,2,1
14,23,2,64838,0,0,0,3,1,0,0,2,1
1,1,1,76785,13,1,9,1,0,0,1,0,1
1,1,1,90362,13,1,9,0,1,0,0,2,2
15,24,6,5226,8,2,2,1,0,0,0,0,1
1,1,1,92003,13,1,9,0,0,0,0,2,1
1,1,1,96115,1,22,9,0,0,0,0,0,2
1,1,1,70533,13,1,9,0,0,0,0,0,2
1,1,1,102570,13,1,9,0,0,0,0,0,1
1,1,1,47504,13,1,9,1,0,0,0,0,1
1,1,1,76385,13,1,9,0,0,0,1,0,1
1,1,1,53528,13,1,9,0,0,0,1,0,1
1,1,1,79098,13,1,9,0,0,0,0,0,1
1,1,1,76385,13,1,9,0,0,0,1,0,1
1,1,1,77212,13,1,9,2,0,0,1,0,1
2,2,2,83468,0,2,2,3,1,0,0,4,1
1,1,1,53528,13,1,9,0,0,0,1,0,1
1,1,1,79098,13,1,9,0,0,0,0,0,1
1,1,1,52707,1,22,9,2,0,0,0,0,1
2,2,2,83468,0,2,2,3,1,0,0,4,1
8,11,2,5091,8,2,2,0,0,0,1,0,4
8,11,2,5091,0,0,0,0,0,0,1,0,4
16,25,6,,26,2,25,0,0,0,0,0,1
0,0,5,609,0,0,0,0,0,0,0,0,1
0,3,5,609,0,0,0,0,0,0,0,0,1
1,1,1,86018,13,1,9,0,1,0,1,4,1
11,26,8,,27,26,26,0,0,0,0,0,1
11,26,3,,27,26,26,1,0,0,0,0,1
17,27,6,,28,27,26,0,0,0,0,0,1
1,1,1,86499,13,1,9,0,0,0,0,0,1
1,1,2,54469,13,1,9,0,0,0,0,0,1
1,1,1,49823,13,1,9,1,0,0,0,0,1
1,1,2,55661,13,1,9,1,0,0,1,0,1
1,1,1,86499,13,1,9,0,0,0,0,0,1
1,1,1,82124,13,1,9,2,0,0,2,0,1
1,1,1,56088,13,1,9,1,0,0,0,2,1
1,1,1,51633,13,1,9,1,0,0,0,0,1
1,1,1,58352,13,1,9,0,0,0,0,0,1
3,5,1,20960,29,28,27,1,0,0,0,2,1
8,11,2,9518,8,2,2,0,0,0,1,0,1
8,11,2,9518,0,0,0,0,0,0,1,0,1
8,11,2,5749,8,2,2,0,1,0,1,2,1
8,11,2,14784,8,2,2,1,0,0,0,0,1
8,11,2,7929,8,2,2,1,0,0,1,0,1
8,11,2,10601,8,2,2,0,0,0,1,0,1
3,4,3,42988,30,29,28,1,0,0,1,0,1
3,4,3,54622,31,30,29,1,0,0,0,0,1
18,11,5,18768,8,2,2,0,0,0,1,0,1
8,11,2,12092,8,2,2,0,0,0,1,0,1
8,11,2,8449,8,2,2,1,0,0,0,0,1
8,11,2,12551,8,2,2,0,0,0,1,0,1
1,1,1,64204,13,1,9,0,0,0,1,0,4
8,11,5,18768,0,0,0,0,0,0,1,0,1
8,11,2,12092,0,0,0,0,0,0,1,0,1
8,11,2,8449,0,0,0,1,0,0,0,0,1
8,11,2,12551,0,0,0,0,0,0,1,0,1
8,11,2,5749,0,0,0,0,1,0,1,2,1
8,11,2,14784,0,0,0,1,0,0,0,0,1
8,11,2,7929,0,0,0,1,0,0,1,0,1
8,11,2,10601,0,0,0,0,0,0,1,0,1
3,4,3,65425,32,31,30,1,0,0,1,0,2
3,4,3,65425,32,31,30,1,0,0,1,0,2
16,28,7,,33,2,25,0,0,0,0,0,1
1,1,1,642038,13,1,2,0,0,0,1,0,4
8,11,2,5091,8,2,2,0,0,0,1,0,4
8,11,2,5091,0,0,0,0,0,0,1,0,4
1,1,1,89981,13,1,9,1,0,0,1,0,2
19,29,4,278167,0,0,0,3,0,0,0,0,1
20,29,4,278167,0,0,0,3,0,0,0,0,1
1,1,1,73225,13,1,9,1,0,0,0,0,1
1,1,1,78568,13,1,9,0,0,0,0,0,1
1,1,1,78568,13,1,9,0,0,0,0,0,1
8,11,2,15003,8,2,2,1,0,0,1,0,3
8,11,2,15003,0,0,0,1,0,0,1,0,3
1,1,1,76624,13,1,9,1,0,4,1,0,1
1,1,1,49500,1,1,9,0,0,0,1,0,1
1,1,1,49500,1,1,9,0,0,0,1,0,1
1,1,1,78568,13,1,9,0,0,0,0,0,1
8,11,2,594,8,2,2,1,0,0,0,0,1
8,11,2,15003,8,2,2,1,0,0,1,0,3
1,1,1,78568,13,1,9,0,0,0,0,0,1
8,11,2,15003,0,0,0,1,0,0,1,0,3
8,11,2,594,0,0,0,1,0,0,0,0,1
8,11,5,31256,8,2,2,1,0,0,1,0,1
1,1,1,49500,1,1,9,0,0,0,1,0,1
1,1,1,70000,1,1,31,1,0,0,0,0,1
1,1,1,73650,1,1,9,2,0,0,1,0,1
1,1,1,70384,1,1,9,1,0,0,1,0,1
1,1,1,43512,1,1,9,1,0,0,1,0,1
1,1,1,53804,1,1,9,1,0,0,0,0,1
1,1,1,87996,1,1,9,1,0,0,0,0,1
1,1,1,59285,1,1,9,1,0,0,0,0,1
1,1,1,42200,1,1,9,1,1,0,1,0,1
8,11,5,31256,0,0,0,1,0,0,1,0,1
7,10,2,14370,34,10,10,1,0,0,0,0,1
8,11,2,8917,8,2,2,1,0,0,0,0,2
8,11,2,8917,0,0,0,1,0,0,0,0,2
8,11,2,9942,8,2,2,0,0,0,0,0,1
8,30,6,78839,8,2,2,1,0,0,0,0,1
8,11,2,9518,8,2,2,0,0,0,1,0,1
8,11,2,11107,8,2,2,0,0,0,1,0,1
3,4,3,86020,35,32,32,1,0,0,0,0,1
11,15,4,48834,36,33,33,3,0,1,0,0,1
8,11,2,5690,8,2,2,0,0,0,1,0,1
8,11,2,11338,8,2,2,1,0,0,0,0,1
8,11,2,12955,8,2,2,1,0,0,1,0,1
8,11,5,31256,8,2,2,1,0,0,1,0,4
8,11,5,4110,8,2,2,1,0,0,0,0,1
8,11,2,10564,8,2,2,1,0,0,1,0,1
8,11,2,6661,8,2,2,1,0,0,1,0,1
8,11,2,9942,0,0,0,0,0,0,0,0,1
8,11,6,78839,0,0,0,1,0,0,0,0,1
8,11,2,9518,0,0,0,0,0,0,1,0,1
8,11,2,11107,0,0,0,0,0,0,1,0,1
8,11,2,5690,0,0,0,0,0,0,1,0,1
8,11,2,11338,0,0,0,1,0,0,0,0,1
8,11,2,12955,0,0,0,1,0,0,1,0,1
8,11,5,31256,0,0,0,1,0,0,1,0,4
8,11,5,4110,0,0,0,1,0,0,0,0,1
8,11,2,10564,0,0,0,1,0,0,1,0,1
8,11,2,6661,0,0,0,1,0,0,1,0,1
8,11,2,5091,8,2,2,0,0,0,1,0,4
1,1,1,48564,13,1,9,1,0,0,2,0,1
8,11,2,5091,0,0,0,0,0,0,1,0,4
1,1,1,56983,13,1,9,0,0,0,1,2,1
8,11,2,5091,8,2,2,0,0,0,1,0,4
8,11,2,5091,0,0,0,0,0,0,1,0,4
8,11,2,11234,8,2,2,0,0,0,0,0,1
1,1,1,48564,13,1,9,1,0,0,2,0,1
8,11,2,11234,0,0,0,0,0,0,0,0,1
15,31,3,24459,0,0,0,3,0,0,0,0,1
8,11,2,78839,8,2,2,0,0,0,1,0,1
8,11,2,78839,0,0,0,0,0,0,1,0,1
8,11,2,5634,8,2,2,0,0,0,1,0,1
1,1,1,69384,13,1,9,1,0,0,0,0,1
8,11,2,5634,0,0,0,0,0,0,1,0,1
16,32,7,,8,2,2,1,0,1,0,0,1
16,32,7,,8,2,2,0,0,0,0,0,1
1,1,1,22784,13,1,9,1,0,0,1,2,1
1,1,1,51448,13,1,9,0,0,0,2,0,1
1,1,1,22784,13,1,9,1,0,0,1,2,1
1,1,1,14314,1,1,9,4,0,0,0,0,1
1,1,1,54905,1,1,9,1,0,0,0,0,1
1,1,1,68966,1,1,9,1,0,0,0,0,1
1,1,1,46766,1,1,9,1,0,0,0,0,1
1,1,1,50153,1,1,9,1,0,0,0,0,1
1,1,1,,1,1,9,1,0,5,0,0,1
1,1,1,70925,1,1,9,0,0,0,1,0,1
1,1,1,97990,1,1,9,1,0,0,2,0,1
1,1,1,50308,1,1,9,0,0,0,2,0,1
1,1,1,63250,1,1,9,1,0,0,0,0,1
1,1,1,47248,1,1,9,1,0,0,1,0,2
1,1,1,69522,1,1,9,1,0,0,0,0,1
8,11,2,1588,8,2,2,0,0,0,1,2,1
8,11,2,7593,8,2,2,1,0,0,0,2,1
8,11,5,17832,8,2,2,1,0,0,0,0,1
8,11,2,7379,8,2,2,0,0,0,1,0,1
8,11,2,12454,8,2,2,1,0,0,0,0,1
8,11,2,6826,8,2,2,0,0,0,0,0,1
8,11,2,6045,8,2,2,0,0,0,3,0,1
8,11,2,10356,8,2,2,0,0,0,0,0,1
8,11,2,5564,8,2,2,0,0,0,1,0,1
8,11,2,642,8,2,2,1,0,0,1,2,1
8,11,2,6470,8,2,2,1,0,0,1,0,1
8,11,2,8917,8,2,2,1,0,0,0,0,2
8,11,2,5904,8,2,2,0,0,0,0,0,1
8,11,2,1975,8,2,2,0,0,0,0,0,2
8,11,2,8236,8,2,2,0,0,0,0,0,1
8,11,2,6133,8,2,2,0,0,0,1,0,1
8,11,2,1975,8,2,2,0,0,0,0,0,2
21,33,1,47363,0,0,0,3,0,0,0,0,2
8,11,2,8236,8,2,2,0,0,0,0,0,1
8,11,2,11074,8,2,2,0,0,0,1,0,1
8,11,2,3240,8,2,2,0,0,0,1,2,1
8,11,2,391,8,2,2,0,0,0,1,0,3
8,11,2,2798,8,2,2,0,0,0,1,0,4
8,11,5,10541,8,2,2,0,0,0,1,0,3
8,11,2,6913,8,2,2,1,0,0,1,0,1
8,11,2,1588,0,0,0,0,0,0,1,2,1
8,11,5,17832,0,0,0,1,0,0,0,0,1
8,11,2,7379,0,0,0,0,0,0,1,0,1
8,11,2,6826,0,0,0,0,0,0,0,0,1
8,11,2,12454,0,0,0,1,0,0,0,0,1
8,11,2,7593,0,0,0,1,0,0,0,2,1
8,11,2,10356,0,0,0,0,0,0,0,0,1
8,11,2,642,0,0,0,1,0,0,1,2,1
8,11,2,6045,0,0,0,0,0,0,3,0,1
8,11,2,6470,0,0,0,1,0,0,1,0,1
8,11,2,5564,0,0,0,0,0,0,1,0,1
8,11,2,8236,0,0,0,0,0,0,0,0,1
8,11,2,1975,0,0,0,0,0,0,0,0,2
8,11,2,5904,0,0,0,0,0,0,0,0,1
8,11,2,6133,0,0,0,0,0,0,1,0,1
8,11,2,8917,0,0,0,1,0,0,0,0,2
8,11,2,11074,0,0,0,0,0,0,1,0,1
8,11,2,3240,0,0,0,0,0,0,1,2,1
8,11,2,391,0,0,0,0,0,0,1,0,3
8,11,2,2798,0,0,0,0,0,0,1,0,4
3,5,1,1588,29,28,27,1,0,0,0,0,1
8,11,2,6913,0,0,0,1,0,0,1,0,1
8,11,5,10541,0,0,0,0,0,0,1,0,3
8,11,2,6270,8,2,2,1,0,0,1,0,1
1,1,1,62818,13,1,9,0,0,0,1,0,1
8,11,2,6270,0,0,0,1,0,0,1,0,1
8,11,2,8990,8,2,2,0,0,0,1,0,1
8,11,2,7369,8,2,2,0,0,0,1,0,1
8,34,0,291,8,2,2,1,0,0,1,0,1
8,11,2,8990,0,0,0,0,0,0,1,0,1
8,11,2,7369,0,0,0,0,0,0,1,0,1
8,34,0,291,0,0,0,1,0,0,1,0,1
8,11,5,10541,8,2,2,0,0,0,1,0,3
8,11,5,10541,0,0,0,0,0,0,1,0,3
8,11,2,106677,8,2,2,0,0,0,0,0,2
8,11,2,2798,8,2,2,0,0,0,1,0,4
8,11,2,106677,0,0,0,0,0,0,0,0,2
8,11,2,2798,0,0,0,0,0,0,1,0,4
16,35,7,,8,2,25,1,0,0,0,0,1
16,35,7,,8,2,2,1,0,0,0,0,1
8,11,2,3240,8,2,2,0,0,0,1,2,1
8,11,2,391,8,2,2,0,0,0,1,0,3
8,11,2,408,8,2,2,0,0,0,1,0,1
8,11,2,3240,0,0,0,0,0,0,1,2,1
8,11,2,391,0,0,0,0,0,0,1,0,3
8,11,2,408,0,0,0,0,0,0,1,0,1
3,22,3,75322,0,0,0,3,0,5,0,0,1
1,1,1,66652,13,1,9,0,0,0,0,0,1
8,11,2,9901,8,2,2,1,0,0,0,2,1
8,11,2,106677,8,2,2,0,0,0,0,0,2
8,11,2,2798,8,2,2,0,0,0,1,0,4
8,11,2,106677,0,0,0,0,0,0,0,0,2
8,11,2,2798,0,0,0,0,0,0,1,0,4
8,11,2,9901,0,0,0,1,0,0,0,2,1
1,1,1,43816,1,1,9,1,0,0,0,2,1
1,1,1,86515,13,1,9,0,0,0,0,0,1
1,1,1,58446,1,1,9,1,0,0,0,0,1
1,1,1,58446,1,1,9,1,0,0,0,0,1
1,1,1,39263,1,1,9,1,0,0,0,0,1
1,1,1,42337,1,1,9,0,0,0,0,0,1
1,1,1,75443,1,1,9,1,0,0,0,2,1
1,1,1,86515,1,1,9,0,0,0,0,0,1
1,1,1,43816,1,1,9,1,0,0,0,2,1
2,36,5,68773,0,2,2,3,0,0,0,0,1
7,19,2,9548,37,10,10,1,0,0,0,0,1
8,11,2,13720,8,2,2,0,0,0,1,0,1
8,11,2,5725,8,2,2,0,0,0,1,0,1
8,11,2,5454,8,2,2,0,0,0,0,0,1
8,11,2,2753,8,2,2,1,0,0,0,0,1
8,11,2,9249,8,2,2,1,0,0,1,0,1
8,11,2,4336,8,2,2,1,0,0,1,0,1
8,11,2,2046,8,2,2,1,0,0,3,0,1
8,11,2,3526,8,2,2,1,0,0,1,0,1
8,11,2,3397,8,2,2,0,0,0,0,0,1
8,11,2,6636,8,2,2,1,0,0,0,0,1
8,11,2,6636,0,0,0,1,0,0,0,0,1
8,11,2,3397,0,0,0,0,0,0,0,0,1
8,11,2,13720,0,0,0,0,0,0,1,0,1
8,11,2,5725,0,0,0,0,0,0,1,0,1
8,11,2,5454,0,0,0,0,0,0,0,0,1
8,11,2,2753,0,0,0,1,0,0,0,0,1
8,11,2,9249,0,0,0,1,0,0,1,0,1
8,11,2,4336,0,0,0,1,0,0,1,0,1
8,11,2,2046,0,0,0,1,0,0,3,0,1
8,11,2,3526,0,0,0,1,0,0,1,0,1
8,11,2,8883,8,2,2,1,0,0,0,2,1
3,5,1,18444,29,28,27,1,0,1,0,0,1
8,11,2,8883,0,0,0,1,0,0,0,2,1
8,11,5,12525,8,2,2,0,0,0,1,0,1
8,11,5,12525,0,0,0,0,0,0,1,0,1
1,1,1,35785,13,1,9,1,0,1,0,0,2
8,11,2,4707,8,2,2,0,0,0,0,0,1
8,11,2,9111,8,2,2,0,0,0,1,0,1
1,1,1,55858,13,1,9,0,0,0,0,0,1
1,1,1,55858,13,1,9,0,0,0,0,0,1
8,11,2,4707,0,0,0,0,0,0,0,0,1
8,11,2,9111,0,0,0,0,0,0,1,0,1
8,11,5,34706,8,2,2,1,0,0,1,0,2
8,11,5,14337,8,2,2,0,0,0,1,0,1
8,11,5,34706,0,0,0,1,0,0,1,0,2
8,11,5,14337,0,0,0,0,0,0,1,0,1
8,11,2,7078,8,2,2,0,0,0,2,0,1
8,11,2,7078,0,0,0,0,0,0,2,0,1
8,11,2,4768,8,2,2,0,0,0,1,0,2
8,11,2,4768,0,0,0,0,0,0,1,0,2
1,1,1,39618,13,1,9,0,0,0,0,0,1
1,1,1,39618,13,1,9,0,0,0,0,0,1
1,1,1,68928,13,1,9,3,0,0,3,0,1
1,1,1,68928,13,1,9,3,0,0,3,0,1
1,1,1,57031,13,1,9,0,0,0,0,2,1
1,1,1,49938,13,1,9,1,0,0,1,0,1
1,1,1,47329,13,1,9,0,0,0,0,0,1
1,1,1,43926,13,1,9,1,0,0,0,2,1
1,1,1,38714,13,1,9,2,0,0,0,2,1
8,11,2,5697,8,2,2,1,0,0,2,0,1
8,11,2,4103,8,2,2,1,0,0,1,0,1
8,11,2,3413,8,2,2,1,0,0,1,0,1
8,11,2,10055,8,2,2,1,0,0,1,0,1
8,11,5,9700,8,2,2,1,0,0,1,0,1
0,3,1,5581,0,0,0,0,0,5,1,0,2
1,1,1,47784,13,1,9,0,0,0,0,0,1
0,0,1,5581,0,0,0,0,0,5,1,0,2
8,11,2,5697,0,0,0,1,0,0,2,0,1
8,11,2,4103,38,34,0,1,0,0,1,0,1
8,11,2,3413,0,0,0,1,0,0,1,0,1
8,11,2,10055,0,0,0,1,0,0,1,0,1
8,11,5,9700,0,0,0,1,0,0,1,0,1
8,11,5,8336,0,0,0,1,0,1,0,2,1
0,3,6,5581,0,0,0,0,0,5,1,0,2
8,11,2,2166,8,2,2,1,0,0,1,0,1
8,11,2,2166,0,0,0,1,0,0,1,0,1
1,1,1,39618,13,1,9,0,0,0,0,0,1
1,1,1,39618,13,1,9,0,0,0,0,0,1
1,1,1,49116,13,1,9,0,0,0,1,0,2
1,1,1,49116,13,1,9,0,0,0,1,0,2
1,1,1,49116,13,1,9,0,0,0,1,0,2
1,1,1,87101,13,1,9,1,0,0,1,0,1
1,1,1,87101,13,1,9,1,0,0,1,0,1
8,11,2,2775,8,2,2,1,0,1,1,0,1
8,11,2,2775,0,0,0,1,0,1,1,0,1
1,1,1,44157,1,1,9,1,0,0,0,2,1
1,1,1,69071,1,1,9,0,0,0,1,0,1
1,1,1,61480,1,1,9,3,0,5,1,0,1
1,1,1,44157,1,1,9,1,0,0,0,2,1
1,1,1,55792,1,1,9,1,0,0,0,0,1
1,1,1,69071,1,1,9,0,0,0,1,0,1
1,1,1,52978,1,1,9,1,0,0,1,2,1
1,1,1,61480,1,1,9,3,0,5,1,0,1
1,1,1,34261,1,1,9,1,0,0,0,0,1
22,19,4,146898,39,9,7,1,0,0,0,0,3
8,11,2,8032,8,2,2,1,0,0,1,0,1
8,11,5,12624,8,2,2,1,0,0,1,0,1
8,11,2,6367,8,2,2,1,0,0,1,0,1
8,11,2,1459,8,2,2,1,0,0,1,0,1
8,11,2,160,8,2,2,1,0,0,1,0,1
8,11,2,8032,0,0,0,1,0,0,1,0,1
8,11,5,12624,0,0,0,1,0,0,1,0,1
8,11,2,6367,0,0,0,1,0,0,1,0,1
8,11,2,1459,0,0,0,1,0,0,1,0,1
8,11,2,160,0,0,0,1,0,0,1,0,1
0,37,1,22303,40,35,34,1,0,0,0,0,1
3,4,8,112547,41,36,35,1,0,0,0,0,1
3,4,3,60250,42,37,36,1,0,0,0,0,2
3,4,8,120162,43,38,37,1,0,0,0,0,2
1,21,1,85743,13,1,9,3,0,4,0,0,3
8,11,6,52008,8,2,2,0,0,0,1,0,1
8,11,6,52008,0,0,0,0,0,0,1,0,1
8,11,5,3738,8,2,2,1,0,1,1,0,2
3,5,1,13761,29,28,27,0,0,0,0,0,1
8,11,5,3738,0,0,0,1,0,1,1,0,2
1,1,1,78122,13,1,9,2,0,1,0,0,1
1,1,1,43564,13,1,9,2,0,1,0,0,1
1,1,1,44839,1,1,9,1,0,0,0,0,1
1,21,1,32348,1,1,9,0,0,0,1,0,1
1,21,1,45560,1,1,9,0,0,0,0,0,1
1,1,1,36194,1,1,38,1,0,0,0,2,1
8,11,6,55445,8,2,2,1,0,0,0,0,1
7,10,2,8009,44,10,10,1,0,0,0,0,1
1,1,1,36194,13,1,38,1,0,0,0,2,1
1,21,1,40453,1,1,9,0,0,0,0,0,1
1,21,1,42716,1,1,16,1,0,0,0,0,1
1,21,1,48606,1,1,16,0,0,0,0,0,1
17,27,3,24311,45,39,39,0,0,0,0,0,1
1,21,1,45560,1,1,9,0,0,0,0,0,1
1,21,1,32348,1,1,9,0,0,0,1,0,1
0,38,2,,46,2,2,3,0,0,0,0,1
8,11,5,9482,8,2,2,0,0,0,1,0,1
8,11,2,2293,8,2,2,1,0,0,1,0,1
8,11,2,965,8,2,2,0,0,1,1,0,1
8,11,2,2109,8,2,2,1,0,0,1,0,1
8,11,6,55445,0,2,2,1,0,0,0,0,1
8,11,5,9482,0,2,2,0,0,0,1,0,1
8,11,2,2293,0,2,2,1,0,0,1,0,1
8,11,2,965,0,2,2,0,0,1,1,0,1
8,11,2,2109,0,2,2,1,0,0,1,0,1
8,11,5,19560,8,2,2,0,0,0,1,0,2
8,11,5,19560,0,2,2,0,0,0,1,0,2
8,11,2,7361,8,2,2,0,0,0,0,0,2
8,11,5,19560,8,2,2,0,0,0,1,0,2
8,11,2,7361,0,2,2,0,0,0,0,0,2
8,11,5,19560,0,2,2,0,0,0,1,0,2
1,1,1,44861,1,2,2,1,0,0,0,0,1
8,11,2,7361,8,2,2,0,0,0,0,0,1
8,11,2,7361,0,2,2,0,0,0,0,0,1
1,1,1,36194,1,2,2,1,0,0,0,2,1
1,1,1,36194,1,2,2,1,0,0,0,2,1
8,11,5,19560,8,2,2,0,0,0,1,0,2
8,11,5,19560,0,2,2,0,0,0,1,0,2
15,39,6,28420,29,2,2,1,0,0,0,0,1
0,38,2,,46,2,2,3,0,0,0,0,1
3,4,8,61479,47,2,2,0,0,0,0,0,3
3,4,8,91466,48,2,2,1,0,0,0,0,1
8,11,5,4743,8,2,2,1,0,0,1,0,1
8,11,2,4131,8,2,2,1,0,0,1,0,1
8,11,2,4131,0,2,2,1,0,0,1,0,1
8,11,5,4743,0,2,2,1,0,0,1,0,1
3,4,8,57706,49,2,2,1,0,0,0,0,1
3,4,8,81606,50,2,2,1,0,0,0,0,1
3,4,8,41402,51,2,2,0,0,0,0,0,1
3,4,4,66457,52,2,2,1,0,0,0,0,2
3,4,8,89239,53,2,2,0,0,0,0,0,1
3,4,8,76168,54,2,2,1,0,0,0,0,1
3,4,8,76298,55,2,2,1,0,0,1,0,1
3,4,3,43963,56,2,2,0,0,4,0,0,1
8,11,2,5603,8,2,2,0,0,0,1,0,1
8,11,2,5603,0,2,2,0,0,0,1,0,1
1,1,1,45624,1,2,2,0,0,0,0,0,1
1,1,1,61708,1,2,2,0,0,0,0,0,1
1,1,1,38155,1,2,2,0,0,0,0,2,1
1,1,1,48335,1,2,2,0,1,0,1,4,1
1,1,1,36912,1,2,2,3,0,0,1,0,1
1,1,1,38882,1,2,2,0,0,0,0,0,1
1,1,1,44094,1,2,2,1,0,0,1,0,2
1,1,1,38882,1,2,2,0,0,0,0,0,1
1,1,1,36912,1,2,2,3,0,0,1,0,1
1,1,1,48335,1,2,2,0,1,0,1,4,1
1,1,1,44094,1,2,2,1,0,0,1,0,2
1,1,1,61708,1,2,2,0,0,0,0,0,1
1,1,1,38155,1,2,2,0,0,0,0,2,1
7,40,2,868,57,2,2,0,0,0,2,0,1
1,1,1,38882,1,2,2,0,0,0,0,0,1
1,1,1,36912,1,2,2,3,0,0,1,0,1
1,1,1,48335,1,2,2,0,1,0,1,4,1
1,1,1,34727,1,2,2,2,0,0,1,0,1
1,1,1,38196,1,2,2,1,0,0,0,0,1
1,1,1,32763,1,2,2,1,0,0,0,0,1
1,1,1,45624,1,2,2,0,0,0,0,0,1
2,2,5,31279,0,2,2,3,0,0,0,2,1
8,11,2,4131,8,2,2,1,0,0,1,0,1
8,11,5,4743,8,2,2,1,0,0,1,0,1
8,11,2,4131,0,2,2,1,0,0,1,0,1
8,11,5,4743,0,2,2,1,0,0,1,0,1
2,36,5,31279,0,2,2,3,0,0,0,2,1
8,11,2,1200,8,2,2,1,1,0,1,4,1
8,11,2,4160,8,2,2,1,0,0,1,0,1
8,11,2,1326,8,2,2,1,0,0,1,0,1
8,11,2,2660,8,2,2,0,0,0,1,0,1
8,11,2,1111,8,2,2,1,1,1,1,4,1
3,4,8,111324,58,2,2,0,0,0,0,0,1
8,11,2,4160,0,2,2,1,0,0,1,0,1
8,11,2,1200,0,2,2,1,1,0,1,4,1
8,11,2,1111,0,2,2,1,1,1,1,4,1
8,11,2,1326,0,2,2,1,0,0,1,0,1
8,11,2,2660,0,2,2,0,0,0,1,0,1
3,41,8,111324,58,2,2,0,0,0,0,0,1
3,4,8,97446,59,2,2,1,0,0,4,0,1
3,4,3,43963,56,2,2,0,0,4,0,0,1
8,11,2,5603,8,2,2,0,0,0,1,0,1
8,11,2,5603,0,2,2,0,0,0,1,0,1
1,1,1,32763,1,2,2,1,0,0,0,0,1
0,38,2,,46,2,2,3,0,0,0,0,1
1,1,1,45624,1,2,2,0,0,0,0,0,1
1,1,1,45624,1,2,2,0,0,0,0,0,1
8,11,5,2733,8,2,2,1,1,1,1,4,1
8,11,2,3604,8,2,2,1,0,0,0,0,1
8,11,5,2733,0,2,2,1,1,1,1,4,1
8,11,2,3604,0,2,2,1,0,0,0,0,1
1,1,1,31799,1,2,2,1,0,0,1,0,1
8,11,2,4821,8,2,2,0,0,0,1,0,1
8,11,2,4821,8,2,2,0,0,0,1,0,2
8,11,2,4821,0,2,2,0,0,0,1,0,1
8,11,2,3604,8,2,2,1,0,0,0,0,1
8,11,2,3604,0,2,2,1,0,0,0,0,1
8,11,5,2733,8,2,2,1,1,1,1,4,1
8,11,5,2733,0,2,2,1,1,1,1,4,1
1,1,1,31799,1,2,2,1,0,0,1,0,1
8,11,2,3904,8,2,2,0,0,0,0,0,2
8,11,2,3904,0,2,2,0,0,0,0,0,2
8,11,2,4821,8,2,2,0,0,0,1,0,2
8,11,2,4821,0,2,2,0,0,0,1,0,2
1,1,1,50282,1,2,2,1,0,0,0,0,1
1,1,1,23606,1,2,2,0,0,0,0,0,1
1,1,1,46863,1,2,2,0,0,0,1,0,1
1,1,1,23606,1,2,2,0,0,0,0,0,1
1,1,1,50282,1,2,2,1,0,0,0,0,1
1,1,1,16847,1,2,2,0,1,0,1,4,1
8,11,5,1111,8,2,2,0,0,0,2,0,1
8,11,5,1111,0,2,2,0,0,0,1,0,1
8,11,2,1129,8,2,2,1,0,0,1,0,1
8,11,5,4632,8,2,2,1,0,0,1,0,1
21,42,5,15045,60,2,2,3,0,1,0,0,1
21,42,1,45380,60,2,2,3,0,1,0,0,1
20,29,2,40405,8,2,2,3,0,4,0,2,1
3,4,8,76298,55,2,2,1,0,0,1,0,2
3,4,8,76168,54,2,2,1,0,0,0,0,2
3,4,8,89239,53,2,2,0,0,0,0,0,2
3,4,8,73157,61,2,2,1,0,0,1,0,1
8,11,2,1129,0,2,2,1,0,0,1,0,1
8,11,5,4362,0,2,2,1,0,0,1,0,1
20,29,2,40405,0,2,2,3,0,4,0,2,1
0,3,1,6330,0,2,2,1,0,0,0,0,1
8,11,2,3904,8,2,2,0,0,0,0,0,2
8,11,2,3904,0,2,2,0,0,0,0,0,2
8,11,5,1111,8,2,2,0,0,0,2,0,1
8,11,5,1111,0,2,2,0,0,0,1,0,1
1,1,1,47034,1,2,2,3,0,0,0,0,1
1,1,1,47034,1,2,2,3,0,0,0,0,1
1,1,1,47034,1,2,2,3,0,0,0,0,1
1,1,1,47034,1,2,2,3,0,0,0,0,1
8,11,2,2126,8,2,2,0,0,0,1,0,1
8,11,2,2126,0,2,2,0,0,0,1,0,1
6,43,9,280,62,2,2,1,0,0,0,2,1
3,4,8,89119,63,2,2,0,0,0,0,0,2
1,1,1,22991,1,2,2,0,0,0,0,0,1
17,27,3,64430,45,2,2,0,0,0,0,0,1
1,1,1,22991,1,2,2,0,0,0,0,0,1
1,1,1,26717,1,2,2,2,0,0,1,0,1
20,29,2,40405,0,2,2,3,0,4,0,2,1
3,4,8,112547,41,2,2,1,0,0,0,0,1
0,3,1,3474,0,2,2,1,0,0,0,0,1
8,11,2,2126,8,2,2,0,0,0,1,0,1
8,11,2,2126,0,2,2,0,0,0,1,0,1
20,29,2,40405,0,2,2,3,0,4,0,2,1
3,4,8,89119,63,2,2,0,0,0,0,0,2
1,1,1,29338,1,2,2,0,0,0,0,0,1
1,1,1,29338,1,2,2,0,0,0,0,0,1
1,1,1,20087,13,2,2,0,0,0,0,0,1
1,1,1,34517,13,2,2,0,1,0,1,4,1
2,44,1,224066,13,2,2,3,0,0,3,2,1
1,45,1,31404,13,2,2,0,0,0,2,0,1
1,45,1,31404,13,2,2,0,0,0,2,0,1
1,1,1,34517,13,2,2,0,1,0,1,4,1
2,44,1,224066,13,2,2,3,0,0,3,2,1
1,45,1,31404,13,2,2,0,0,0,2,0,1
2,44,1,224066,13,2,2,3,0,0,3,2,1
1,1,1,20087,13,2,2,0,0,0,0,0,1
1,45,1,31404,13,2,2,0,0,0,2,0,1
1,1,1,34517,1,2,2,0,1,0,1,4,1
2,44,1,224066,1,2,2,3,0,0,3,2,1
1,1,1,20087,1,2,2,0,0,0,0,0,1
1,1,1,31404,1,2,2,0,0,0,2,0,1
8,11,5,3128,8,2,2,1,1,0,1,4,1
8,11,2,820,8,2,2,1,0,0,1,0,1
8,11,5,3128,0,2,2,1,1,0,1,4,1
8,11,2,820,0,2,2,1,0,0,1,0,1
8,11,2,1239,8,2,2,1,0,0,1,0,1
8,11,2,1239,0,2,2,1,0,0,1,0,1
1,1,1,45898,1,2,2,1,0,0,0,0,1
1,1,1,45898,1,2,2,1,0,0,0,0,1
8,11,2,1239,8,2,2,1,0,0,1,0,1
8,11,2,1239,0,2,2,1,0,0,1,0,1
3,5,1,5708,29,2,2,1,0,0,0,0,1
15,24,6,25702,29,2,2,0,0,0,0,0,1
1,1,1,45898,1,2,2,1,0,0,0,0,1
1,1,1,45898,1,2,2,1,0,0,0,0,1
1,1,1,21957,1,2,2,1,0,0,0,2,1
1,1,1,35308,1,2,2,0,1,0,0,4,1
1,1,1,21957,1,2,2,1,0,0,0,2,1
1,1,1,35308,1,2,2,0,1,0,0,4,1
1,1,1,33978,1,2,2,1,0,0,0,0,1
1,1,1,21957,1,2,2,1,0,0,0,2,1
16,25,9,3413,64,2,2,1,0,0,2,0,1
21,46,1,4722,0,2,2,3,0,0,1,0,1
21,46,1,4722,0,2,2,3,0,0,1,0,1
21,46,1,4722,0,2,2,3,0,0,1,0,1
1,1,1,47130,1,2,2,2,1,0,1,0,1
3,4,8,102496,65,2,2,0,0,0,1,0,1
3,4,8,65697,66,2,2,1,0,0,0,0,1
3,4,8,88602,67,2,2,1,0,0,1,0,1
3,4,8,101494,68,2,2,1,0,0,1,0,1
3,5,1,5708,29,2,2,1,0,0,0,0,1
15,24,6,25702,29,2,2,0,0,0,0,0,1
3,5,1,5708,29,2,2,1,0,0,0,0,1
1,1,1,47130,1,2,2,2,1,0,1,0,1
15,39,6,24692,29,2,2,1,0,5,1,0,1
1,1,1,28333,1,2,2,0,0,0,0,0,1
1,1,1,28333,1,2,2,0,0,0,0,0,1
2,2,5,3987,8,2,2,3,0,0,0,0,1
23,47,6,2277,0,2,2,1,0,0,0,0,1
23,47,6,1912,0,2,2,1,0,0,0,0,1
3,5,1,700,29,2,2,2,0,0,0,0,1
3,4,8,39307,69,2,2,0,0,0,0,0,1
3,4,8,57118,70,2,2,1,0,0,0,0,1
15,24,6,25702,29,2,2,0,0,0,0,0,1
2,44,5,151927,1,2,2,3,0,0,0,0,1
2,44,5,151927,1,2,2,3,0,0,0,0,1
23,47,6,2277,0,2,2,1,0,0,0,0,1
23,47,6,1912,0,2,2,1,0,0,0,0,1
24,48,5,9214,71,2,2,3,0,0,0,0,1
2,44,5,151927,1,2,2,3,0,0,0,0,1
2,44,5,151927,1,2,2,3,0,0,0,0,1
24,48,5,9214,71,2,2,3,0,0,0,0,1
1,1,1,24086,1,2,2,0,0,0,2,0,1
1,1,1,38190,1,2,2,0,0,0,0,0,1
1,1,1,21860,1,2,2,0,0,0,0,0,1
2,44,5,139488,1,2,2,3,0,0,3,0,1
2,44,5,139488,1,2,2,3,0,0,3,0,1
1,1,1,24086,1,2,2,0,0,0,2,0,1
1,1,1,38190,1,2,2,0,0,0,0,0,1
1,1,1,21860,1,2,2,0,0,0,0,0,1
23,47,6,2902,0,2,2,1,0,0,0,0,1
15,24,6,19352,29,2,2,0,0,4,0,0,1
8,11,5,3341,8,2,2,1,0,0,1,0,1
8,11,5,3341,8,2,2,1,0,0,1,0,1
23,47,6,2902,0,2,2,1,0,0,0,0,1
8,11,5,3341,0,2,2,1,0,0,1,0,1
8,11,5,3341,0,2,2,1,0,0,1,0,1
3,5,1,700,29,2,2,2,0,0,0,0,1
23,47,6,4006,0,2,2,1,0,0,0,0,1
23,47,6,4006,0,2,2,1,0,0,0,0,1
23,47,6,4006,0,2,2,1,0,0,0,0,1
23,47,6,4006,0,2,2,1,0,0,0,0,1
25,49,4,5357,72,2,2,0,0,0,0,0,1
1,1,1,28679,1,2,2,0,0,0,0,2,1
1,1,1,44439,1,2,2,1,0,0,1,6,1
2,44,1,194446,1,2,2,3,0,0,2,2,1
1,1,1,10537,1,2,2,0,0,0,1,0,1
1,1,1,17214,1,2,2,1,0,0,0,0,1
26,29,5,10766,8,2,2,3,0,0,0,0,1
1,1,1,40181,1,2,2,1,0,0,1,6,1
1,1,1,38984,1,2,2,1,0,0,0,0,1
1,1,1,28679,1,2,2,0,0,0,0,2,1
1,1,1,44439,1,2,2,1,0,0,1,6,1
2,44,1,194446,1,2,2,3,0,0,2,2,1
1,1,1,10537,1,2,2,0,0,0,1,0,1
1,1,1,17214,1,2,2,1,0,0,0,0,1
1,1,1,22657,1,2,2,0,0,0,0,0,1
1,1,1,40181,1,2,2,1,0,0,1,6,1
17,27,3,99215,45,2,2,2,0,0,0,0,1
1,1,1,38984,1,2,2,1,0,0,0,0,1
23,47,6,4783,0,2,2,1,0,0,0,0,1
23,47,6,1857,0,2,2,1,0,0,0,0,1
23,47,6,4783,0,2,2,1,0,0,0,0,1
23,47,6,1857,0,2,2,1,0,0,0,0,1
8,11,6,12595,8,2,2,1,0,0,1,0,2
8,11,6,40836,8,2,2,1,0,0,0,0,1
3,4,8,81418,73,2,2,1,0,0,1,0,1
8,11,6,12595,0,2,2,1,0,0,1,0,2
8,11,6,40836,0,2,2,1,0,0,0,0,1
20,29,5,10766,0,2,2,3,0,0,0,0,1
8,11,5,8598,8,2,2,1,0,0,0,0,2
8,11,5,8598,0,2,2,1,0,0,0,0,2
27,24,6,19352,29,2,2,0,0,4,0,0,1
3,4,8,,74,2,2,1,0,0,0,0,1
3,4,8,96912,75,2,2,2,0,0,1,0,1
8,11,5,8598,8,2,2,1,0,0,0,0,2
8,11,5,8598,0,2,2,1,0,0,0,0,2
28,49,4,5357,72,2,2,0,0,0,0,0,1
3,4,8,96912,75,2,2,2,0,0,1,0,1
20,29,5,10766,0,2,2,3,0,0,0,0,1
1,1,1,33977,1,2,2,0,0,0,1,0,1
1,1,1,33977,1,2,2,0,0,0,1,0,1
25,49,4,5357,72,2,2,0,0,0,0,0,1
26,29,5,10766,8,2,2,3,0,0,0,0,1
20,29,5,10766,0,2,2,3,0,0,0,0,1
1,1,1,21943,1,2,2,2,0,0,0,6,1
1,1,1,23628,1,2,2,0,0,0,0,0,2
1,1,1,34308,1,2,2,1,0,0,1,0,1
1,1,1,30770,1,2,2,0,0,0,1,0,1
17,27,3,23524,45,2,2,2,0,0,1,6,1
1,1,1,,1,2,2,0,0,0,0,0,2
17,27,3,52590,45,2,2,0,0,0,0,2,1
1,1,1,,1,2,2,0,0,0,0,0,2
8,11,6,42248,8,2,2,0,0,0,1,0,1
8,11,6,46105,8,2,2,1,0,0,1,0,1
8,11,5,2043,8,2,2,1,0,0,1,0,1
8,11,6,36885,8,2,2,1,1,0,1,4,1
17,27,3,52590,45,2,2,0,0,0,0,2,1
17,27,3,23524,45,2,2,2,0,0,1,6,1
1,1,1,30770,1,2,2,0,0,0,1,0,1
15,24,6,19835,29,2,2,1,0,0,0,0,1
8,11,6,36885,0,2,2,1,1,0,1,4,1
8,11,6,46105,0,2,2,1,0,0,1,0,1
8,11,6,42248,0,2,2,0,0,0,1,0,1
8,11,5,2043,0,2,2,1,0,0,1,0,1
1,1,1,34308,1,2,2,1,0,0,1,0,1
1,1,1,23628,1,2,2,0,0,0,0,0,2
1,1,1,21943,1,2,2,2,0,0,0,6,1
1,1,1,33977,1,2,2,0,0,0,1,0,1
1,1,1,33977,1,2,2,0,0,0,1,0,1
14,23,1,59545,0,2,2,3,0,0,0,0,1
29,50,1,59545,0,2,2,3,0,0,0,0,1
17,27,3,52590,45,2,2,0,0,0,0,2,1
17,27,3,52590,45,2,2,0,0,0,0,2,1
29,50,1,52858,0,2,2,3,0,0,0,2,1
29,23,1,52858,0,2,2,3,0,0,0,2,1
29,50,1,52858,0,2,2,3,0,0,0,2,1
1,1,1,11919,1,2,2,0,0,0,0,0,2
1,1,1,11919,1,2,2,0,0,0,0,0,2
1,1,1,24352,1,2,2,1,1,0,0,4,1
1,1,1,18090,1,2,2,0,0,0,0,0,1
29,23,1,52858,0,2,2,3,0,0,0,2,1
23,47,6,1949,0,2,2,0,0,0,0,0,1
23,47,6,2034,0,2,2,1,1,0,0,4,1
1,1,1,24352,1,2,2,1,1,0,0,4,1
1,1,1,18090,1,2,2,0,0,0,0,0,1
1,1,1,23192,1,2,2,0,0,0,0,0,1
15,31,8,39990,0,2,2,0,0,0,0,0,1
23,47,6,1949,0,2,2,0,0,0,0,0,1
23,47,6,2034,0,2,2,1,1,0,0,4,1
3,4,8,91060,76,2,2,1,0,0,0,0,1
1,1,1,11919,1,2,2,0,0,0,0,0,2
8,11,6,26404,8,2,2,1,0,0,0,0,2
1,1,1,11919,1,2,2,0,0,0,0,0,2
8,11,6,26404,0,2,2,1,0,0,0,0,2
1,1,1,23192,1,2,2,0,0,0,0,0,1
1,1,1,26479,1,2,2,2,0,0,0,0,1
1,1,1,26479,1,2,2,2,0,0,0,0,1
23,51,4,10722,0,2,2,1,0,0,0,0,2
8,11,6,26404,8,2,2,1,0,0,0,0,2
8,11,6,26404,0,2,2,1,0,0,0,0,2
1,1,1,,1,2,2,2,0,0,0,0,1
1,1,1,,1,2,2,2,0,0,0,0,1
23,47,6,1635,0,2,2,1,0,0,0,0,1
23,47,6,1635,0,2,2,1,0,0,0,0,1
1,1,1,14770,1,2,2,0,0,0,0,0,1
1,1,1,25651,1,2,2,0,0,0,0,0,1
1,1,1,16393,1,2,2,0,0,0,0,0,1
1,1,1,14770,1,2,2,0,0,0,0,0,1
1,1,1,25651,1,2,2,0,0,0,0,0,1
1,1,1,16393,1,2,2,0,0,0,0,0,1
30,52,1,78762,77,2,2,3,0,0,0,0,1
23,47,6,1016,0,2,2,0,0,0,0,0,1
0,3,5,6742,0,2,2,1,0,0,0,0,1
21,53,5,28508,0,2,2,3,0,0,0,0,1
21,53,5,28508,0,2,2,3,0,0,0,0,1
23,47,6,1016,0,2,2,0,0,0,0,0,1
0,37,1,19429,78,2,2,1,0,0,0,0,1
16,54,7,,8,2,2,0,0,5,0,0,1
15,24,6,19835,29,2,2,1,0,0,0,0,1
8,11,5,697,8,2,2,0,0,0,1,0,2
8,11,5,697,0,2,2,0,0,0,1,0,2
23,47,6,1635,0,2,2,1,0,0,0,0,1
23,47,6,1635,0,2,2,1,0,0,0,0,1
8,11,6,32234,8,2,2,0,0,0,1,0,1
8,11,6,32821,8,2,2,0,0,0,1,0,2
8,11,6,32234,0,2,2,0,0,0,1,0,1
8,11,6,32821,0,2,2,0,0,0,1,0,2
1,1,1,16836,8,2,2,0,0,0,1,0,1
1,1,1,30050,8,2,2,2,0,0,1,0,1
1,1,1,30050,1,2,2,2,0,0,1,0,1
1,21,1,16836,1,2,2,0,0,0,1,0,1
8,11,5,697,8,2,2,0,0,0,1,0,2
8,11,5,697,0,2,2,0,0,0,1,0,2
1,1,1,30050,8,2,2,2,0,0,1,0,1
1,1,1,16836,8,2,2,0,0,0,1,0,1
1,1,1,30050,1,2,2,2,0,0,1,0,1
1,21,1,16836,1,2,2,0,0,0,1,0,1
2,44,5,58117,8,2,2,3,0,0,0,0,3
2,44,5,58117,1,2,2,3,0,0,0,0,3
1,1,1,27380,1,2,2,1,0,0,0,0,1
1,1,1,21755,1,2,2,1,0,0,1,0,1
1,1,1,19635,1,2,2,0,0,0,0,0,1
3,4,8,80506,79,2,2,0,0,0,0,0,1
0,37,6,18430,78,2,2,2,1,0,0,2,1
31,55,1,78762,77,2,2,3,0,0,0,0,1
8,11,6,38937,8,2,2,1,0,0,1,0,1
8,11,5,2561,8,2,2,1,0,0,1,0,1
8,11,6,39165,8,2,2,0,0,0,1,0,1
8,11,6,42620,8,2,2,0,0,4,1,0,1
8,11,6,36078,0,2,2,1,0,0,1,0,1
8,11,5,2561,0,2,2,1,0,0,1,0,1
8,11,6,38937,0,2,2,1,0,0,1,0,1
8,11,6,42620,0,2,2,0,0,4,1,0,1
8,11,6,39165,0,2,2,0,0,0,1,0,1
2,44,5,58117,8,2,2,3,0,0,0,0,3
2,44,5,58117,1,2,2,3,0,0,0,0,3
8,11,6,440273,8,2,2,0,0,0,1,0,1
8,11,6,40273,0,2,2,0,0,0,1,0,1
1,1,1,11655,8,2,2,1,0,0,0,0,1
1,1,1,11655,1,2,2,1,0,0,0,0,1
1,1,1,9310,1,2,2,2,0,0,1,0,1
8,11,6,440273,8,2,2,0,0,0,1,0,1
8,11,6,40273,0,2,2,0,0,0,1,0,1
1,1,1,11655,8,2,2,1,0,0,0,0,1
8,11,6,43082,8,2,2,1,0,0,0,0,3
1,1,1,20050,1,2,2,0,0,0,0,0,2
1,1,1,11655,1,2,2,1,0,0,0,0,1
8,11,6,43082,0,2,2,1,0,0,0,0,3
1,1,1,9310,1,2,2,2,0,0,1,0,1
1,1,1,17179,1,2,2,0,0,0,0,0,1
1,1,1,5356,1,2,2,0,0,0,0,0,1
1,1,1,18510,1,2,2,0,0,0,1,0,1
1,1,1,11506,1,2,2,0,0,0,0,0,1
1,1,1,18215,1,2,2,0,0,0,2,0,1
23,51,4,11510,0,2,2,0,1,0,0,2,1
3,4,8,57678,80,2,2,0,0,0,0,0,2
0,37,4,54796,78,2,2,1,1,1,0,2,1
23,51,4,11510,0,2,2,0,1,0,0,2,1
1,1,1,20050,1,2,2,0,0,0,0,0,2
32,56,5,6958,8,2,2,5,0,0,4,0,1
8,11,6,43082,8,2,2,1,0,0,0,0,3
1,1,1,25713,1,2,2,0,0,0,0,0,1
1,1,1,10576,1,2,2,0,0,0,1,0,1
1,1,1,17179,1,2,2,0,0,0,0,0,1
8,11,6,43082,0,2,2,1,0,0,0,0,3
1,1,1,18215,1,2,2,0,0,0,2,0,1
32,56,5,6958,8,2,2,5,0,0,4,0,1
8,11,6,39342,8,2,2,1,0,0,1,0,1
1,1,1,25407,1,2,2,0,0,0,1,6,1
8,11,6,39342,0,2,2,1,0,0,1,0,1
8,11,5,10025,8,2,2,1,0,0,0,2,4
8,11,5,10025,0,2,2,1,0,0,0,2,4
1,1,1,10576,1,2,2,0,0,0,1,0,1
1,1,1,25713,1,2,2,0,0,0,0,0,1
3,4,8,72592,81,2,2,0,0,0,0,0,2
1,1,1,25407,1,2,2,0,0,0,1,6,1
8,11,6,39342,8,2,2,1,0,0,1,0,1
8,11,6,39342,0,2,2,1,0,0,1,0,1
8,11,5,10025,8,2,2,1,0,0,0,2,4
8,11,5,10025,0,2,2,1,0,0,0,2,4
3,4,8,72592,81,2,2,0,0,0,0,0,2
23,47,6,2562,0,2,2,4,0,0,0,0,3
21,57,7,58,0,2,2,2,0,1,0,0,2
23,47,6,2562,0,2,2,4,0,0,0,0,3
1,1,1,30534,1,2,2,0,0,0,1,0,1
1,1,1,21701,1,2,2,0,0,0,0,0,1
1,1,1,8771,1,2,2,0,0,0,1,0,1
1,1,1,16818,1,2,2,0,0,0,1,0,1
1,1,1,17237,1,2,2,0,0,0,0,0,1
1,1,1,9960,1,2,2,1,0,1,0,0,1
1,1,1,13801,1,2,2,0,0,0,0,0,1
23,51,4,13277,0,2,2,1,0,0,0,2,1
3,4,8,52306,82,2,2,1,0,0,1,0,1
8,11,6,32234,8,2,2,0,0,0,1,0,1
23,51,4,13277,0,2,2,1,0,0,0,2,1
8,11,6,32234,0,2,2,0,0,0,1,0,1
23,47,6,2562,0,2,2,4,0,0,0,0,3
23,47,6,2562,0,2,2,4,0,0,0,0,3
33,58,7,,83,2,2,2,3,3,5,6,2
33,58,7,,83,2,2,2,3,3,5,6,2
1,1,1,30534,1,2,2,0,0,0,1,0,1
21,57,7,58,0,2,2,2,0,1,0,0,2
2,44,5,42556,1,2,2,3,0,0,0,0,1
1,1,1,8570,1,2,2,0,0,0,2,0,1
2,44,5,42556,1,2,2,3,0,0,0,0,1
1,1,1,8570,1,2,2,0,0,0,2,0,1
1,1,1,1078,1,2,2,0,0,0,1,0,1
1,1,1,18214,1,2,2,0,0,0,1,0,1
1,1,1,19453,1,2,2,0,0,0,0,0,1
1,1,1,19509,1,2,2,0,0,0,0,0,1
3,4,8,32899,84,2,2,1,0,0,0,0,1
8,11,6,39252,8,2,2,1,0,0,0,0,2
8,11,6,39252,0,2,2,1,0,0,0,0,2
2,44,5,42556,1,2,2,3,0,0,0,0,1
1,1,1,8570,1,2,2,0,0,0,2,0,1
1,1,1,12241,1,2,2,0,0,0,1,0,1
23,47,6,1278,0,2,2,1,0,0,0,0,2
23,47,6,1278,0,2,2,1,0,0,0,0,2
8,11,6,39252,8,2,2,1,0,0,0,0,2
8,11,6,39252,0,2,2,1,0,0,0,0,2
8,11,6,44037,8,2,2,0,0,0,1,0,1
8,11,6,44037,0,2,2,0,0,0,1,0,1
1,1,1,25141,1,2,2,0,0,0,1,0,1
1,1,1,12241,1,2,2,0,0,0,1,0,1
1,1,1,20556,1,2,2,0,0,0,2,0,1
1,1,1,20556,8,2,2,0,0,0,2,0,1
23,47,6,1278,0,2,2,1,0,0,0,0,2
23,47,6,1278,0,2,2,1,0,0,0,0,2
8,11,6,44037,8,2,2,0,0,0,1,0,1
8,11,6,44037,0,2,2,0,0,0,1,0,1
8,11,6,44037,0,2,2,0,0,0,1,0,1
1,1,1,25141,1,2,2,0,0,0,1,0,1
1,1,1,20556,8,2,2,0,0,0,2,0,1
1,1,1,20556,1,2,2,0,0,0,2,0,1
1,1,1,14451,8,2,2,0,0,0,0,2,1
1,1,1,6509,8,2,2,0,0,0,0,0,1
3,4,8,79832,85,2,2,4,1,0,1,2,1
1,1,1,6509,1,2,2,0,0,0,0,0,1
1,1,1,14451,1,2,2,0,0,0,0,2,1
8,11,6,30712,8,2,2,1,0,0,0,0,1
8,11,6,30000,8,2,2,1,0,0,0,0,2
8,11,6,30905,8,2,2,1,0,0,1,0,1
8,11,6,31843,8,2,2,1,1,0,1,4,1
8,11,6,30000,0,2,2,1,0,0,0,0,2
8,11,6,30905,0,2,2,1,0,0,1,0,1
8,11,6,30712,0,2,2,1,0,0,0,0,1
8,11,6,31843,0,2,2,1,1,0,1,4,1
1,1,1,17989,1,2,2,0,0,0,0,0,1
1,1,1,17989,8,2,2,0,0,0,1,0,1
1,1,1,17989,8,2,2,0,0,0,1,0,1
1,1,1,17989,1,2,2,0,0,0,0,0,1
1,1,1,9742,8,2,2,0,0,0,1,0,1
1,1,1,11749,8,2,2,0,0,0,0,0,1
1,1,1,4737,8,2,2,1,0,0,0,0,1
17,27,3,20839,8,2,2,0,0,0,1,0,1
0,37,1,2550,78,2,2,1,0,0,0,0,1
17,27,3,20839,45,2,2,0,0,0,1,0,1
1,1,1,4737,1,2,2,1,0,0,0,0,1
1,1,1,11749,1,2,2,0,0,0,0,0,1
1,1,1,9742,1,2,2,0,0,0,1,0,1
0,37,1,,8,2,2,5,3,3,5,6,1
1,1,1,17392,8,2,2,1,3,0,0,6,1
1,1,1,13034,8,2,2,0,0,0,1,0,1
1,1,1,17392,1,2,2,1,0,0,0,2,1
9,12,6,31487,0,2,2,0,0,0,0,0,1
1,1,1,13034,1,2,2,0,0,0,1,0,1
1,1,1,17392,8,2,2,1,3,0,0,6,1
1,1,1,17392,1,2,2,1,3,0,0,6,1
1,1,1,13034,8,2,2,0,0,0,1,0,1
1,1,1,13034,1,2,2,0,0,0,1,0,1
0,37,1,2550,78,2,2,1,0,0,0,0,1
1,1,1,11661,8,2,2,0,0,0,1,6,1
0,37,1,,8,2,2,5,3,3,5,6,1
1,1,1,11661,86,2,2,0,0,0,1,0,1
9,12,6,32552,0,2,2,0,0,0,0,0,1
0,37,1,,8,2,2,5,3,3,5,6,1
0,37,1,2550,78,2,2,1,0,0,0,0,1
1,1,1,11661,8,2,2,0,0,0,1,6,1
1,1,1,11661,1,2,2,0,0,0,1,6,1
1,1,1,10606,1,2,2,0,0,0,0,2,1
1,1,1,10606,8,2,2,0,0,0,0,2,1
1,1,1,9739,8,2,2,0,0,0,1,0,1
1,1,1,13485,8,2,2,0,0,0,0,0,1
1,1,1,11323,8,2,2,0,0,0,0,0,1
1,1,1,13541,8,2,2,1,0,0,2,0,1
17,27,3,20619,45,2,2,1,0,0,0,0,1
1,1,1,11323,1,2,2,0,0,0,0,0,1
3,4,8,47537,87,2,2,0,3,0,0,0,1
1,1,1,9739,1,2,2,0,0,0,1,0,1
1,1,1,13485,1,2,2,0,0,0,0,0,1
1,1,1,13541,1,2,2,1,0,0,2,0,1
9,12,6,29675,0,2,2,1,0,0,1,0,1
23,47,6,21459,0,2,2,0,0,0,0,2,1
34,59,9,2841,0,2,2,1,0,0,0,0,1
34,59,9,1894,0,2,2,1,0,0,0,0,1
7,60,4,9645,57,2,2,3,0,0,0,0,1
23,47,6,21459,0,2,2,0,0,0,0,2,1
9,12,6,32552,0,2,2,0,0,0,0,0,1
0,61,1,2550,78,2,2,1,0,0,0,0,1
34,59,9,1894,0,2,2,1,0,0,0,0,1
34,59,9,2841,0,2,2,1,0,0,0,0,1
1,1,1,10606,8,2,2,0,0,0,0,2,1
1,1,1,10606,1,2,2,0,0,0,0,2,1
17,27,3,18698,45,2,2,0,0,0,0,0,1
34,59,9,1894,0,2,2,1,0,0,0,0,1
17,27,3,18698,45,2,2,0,0,0,0,0,1
9,12,6,24248,8,2,2,0,0,0,0,0,1
1,1,1,8379,8,2,2,1,0,0,0,0,1
17,27,3,1702,8,2,2,2,0,0,1,0,1
1,1,1,11571,8,2,2,0,0,0,0,0,1
1,1,1,2684,8,2,2,0,0,0,0,0,1
1,1,1,2055,8,2,2,1,0,0,3,0,1
17,27,3,120658,8,2,2,1,0,0,0,0,1
17,27,3,17012,45,2,2,2,0,0,1,0,1
1,1,1,8379,1,2,2,1,0,0,0,0,1
1,1,1,11571,1,2,2,0,0,0,0,0,1
1,1,1,11571,1,2,2,0,0,0,0,0,1
1,1,1,2684,1,2,2,0,0,0,0,0,1
1,1,1,2055,1,2,2,1,0,0,3,0,1
15,31,3,17962,0,2,2,0,0,0,0,2,1
3,4,8,38832,88,2,2,0,0,0,0,0,1
1,1,1,10779,8,2,2,0,0,0,0,0,1
1,1,1,10779,1,2,2,0,0,0,0,0,2
34,59,9,2841,0,2,2,1,0,0,0,0,1
1,1,1,10779,8,2,2,0,0,0,0,0,1
1,1,1,10779,1,2,2,0,0,0,0,0,1
1,1,1,5582,8,2,2,0,0,0,0,0,1
1,1,1,2466,8,2,2,0,2,0,0,0,1
1,1,1,2500,8,2,2,1,0,0,0,2,1
1,1,1,,8,2,2,1,0,0,0,0,1
1,1,1,5471,8,2,2,0,0,0,0,0,1
35,62,8,,89,2,2,1,0,0,0,0,1
6,63,4,0,90,2,2,2,0,0,0,0,1
1,1,1,5582,1,2,2,0,0,0,0,0,1
1,1,1,2500,1,2,2,1,0,0,0,2,1
1,1,1,2466,1,2,2,0,0,0,0,0,1
9,12,6,24248,0,2,2,0,0,0,0,0,1
36,64,4,,91,2,2,2,0,0,0,0,1
23,51,4,9783,0,2,2,1,0,0,0,0,1
6,65,4,1821,0,2,2,2,0,0,0,0,1
3,4,4,50694,92,2,2,0,0,0,1,0,1
15,24,6,4586,29,2,2,1,0,0,0,0,1
17,27,3,120658,8,2,2,1,0,0,0,0,1
1,1,1,,8,2,2,1,0,0,0,0,1
17,27,3,120958,45,2,2,1,0,0,0,0,1
23,51,4,10389,0,2,2,1,0,1,0,0,1
23,51,4,10389,0,2,2,1,0,1,0,0,1
1,1,1,8500,1,2,2,1,0,0,0,0,1
15,24,6,9211,29,2,2,1,0,0,0,0,1
15,24,6,4586,29,2,2,1,0,0,0,0,1
17,27,3,120658,8,2,2,1,0,0,0,0,1
17,27,3,120958,45,2,2,1,0,0,0,0,1
1,1,1,,8,2,2,1,0,0,0,0,1
23,51,4,10389,0,2,2,1,0,1,0,0,1
23,51,4,10389,0,2,2,1,0,1,0,0,1
23,51,4,10389,0,2,2,1,0,1,0,0,1
1,1,1,8500,1,2,2,1,0,0,0,0,1
15,24,6,3854,29,2,2,1,0,0,0,0,1
3,4,8,47018,93,2,2,1,0,0,1,0,1
3,4,8,58804,94,2,2,1,0,0,1,0,1
9,12,6,29293,0,2,2,1,0,0,1,0,1
3,4,8,77332,95,2,2,1,0,0,0,0,1
1,1,1,1232,8,2,2,1,0,0,0,0,1
17,27,3,34996,8,2,2,0,0,0,0,2,1
23,51,4,11497,0,2,2,1,0,0,0,0,1
23,51,4,16752,0,2,2,0,0,0,0,0,1
15,24,6,3854,29,2,2,1,0,0,0,0,1
11,15,3,13679,78,2,2,1,0,0,0,0,1
1,1,1,5471,8,2,2,0,0,0,0,0,1
23,51,4,10722,0,2,2,1,0,0,0,0,2
1,1,1,5471,8,2,2,0,0,0,0,0,1
1,1,1,5471,1,2,2,0,0,0,0,0,1
23,51,4,10722,0,2,2,1,0,0,0,0,2
8,11,6,31980,0,2,2,1,0,4,0,0,2
8,11,6,31980,0,2,2,1,0,4,0,0,2
23,51,4,10722,0,2,2,1,0,0,0,0,2
1,1,1,1232,1,2,2,1,0,0,0,0,1
1,1,1,1232,8,2,2,1,0,0,0,0,1
17,27,3,34996,8,2,2,0,0,0,0,2,1
17,27,3,34996,45,2,2,0,0,0,0,2,1
1,1,1,1232,8,2,2,1,0,0,0,0,1
1,1,1,1232,1,2,2,1,0,0,0,0,1
17,27,3,34996,8,2,2,0,0,0,0,2,1
17,27,3,34996,45,2,2,0,0,0,0,2,1
